antecedents,consequents,antecedent support,consequent support,support,confidence,lift,representativity,leverage,conviction,zhangs_metric,jaccard,certainty,kulczynski,antecedents_str,consequents_str,rule_str
frozenset({'PINK REGENCY TEACUP AND SAUCER'}),frozenset({'GREEN REGENCY TEACUP AND SAUCER'}),0.0259,0.0339,0.0216,0.834,24.5944,1.0,0.0207,5.8193,0.9848610206874197,0.5655629139072847,0.828157281789428,0.7356489039179104,PINK REGENCY TEACUP AND SAUCER,GREEN REGENCY TEACUP AND SAUCER,PINK REGENCY TEACUP AND SAUCER  ==>  GREEN REGENCY TEACUP AND SAUCER
frozenset({'PINK REGENCY TEACUP AND SAUCER'}),frozenset({'ROSES REGENCY TEACUP AND SAUCER'}),0.0259,0.0357,0.0203,0.7852,22.005,1.0,0.0194,4.4885,0.9799490583866576,0.4932515337423313,0.7772068000957829,0.6776845079787234,PINK REGENCY TEACUP AND SAUCER,ROSES REGENCY TEACUP AND SAUCER,PINK REGENCY TEACUP AND SAUCER  ==>  ROSES REGENCY TEACUP AND SAUCER
frozenset({'GREEN REGENCY TEACUP AND SAUCER'}),frozenset({'ROSES REGENCY TEACUP AND SAUCER'}),0.0339,0.0357,0.0259,0.7634,21.3962,1.0,0.0247,4.0763,0.986721826725139,0.5923566878980892,0.7546795962194435,0.7444823753572563,GREEN REGENCY TEACUP AND SAUCER,ROSES REGENCY TEACUP AND SAUCER,GREEN REGENCY TEACUP AND SAUCER  ==>  ROSES REGENCY TEACUP AND SAUCER
frozenset({'ROSES REGENCY TEACUP AND SAUCER'}),frozenset({'GREEN REGENCY TEACUP AND SAUCER'}),0.0357,0.0339,0.0259,0.7255,21.3962,1.0,0.0247,3.5199,0.9885343684594858,0.5923566878980892,0.7158981764112178,0.7444823753572563,ROSES REGENCY TEACUP AND SAUCER,GREEN REGENCY TEACUP AND SAUCER,ROSES REGENCY TEACUP AND SAUCER  ==>  GREEN REGENCY TEACUP AND SAUCER
frozenset({'SWEETHEART CERAMIC TRINKET BOX'}),frozenset({'STRAWBERRY CERAMIC TRINKET BOX'}),0.0375,0.0585,0.0266,0.7099,12.1434,1.0,0.0244,3.245,0.953406033366306,0.38394160583941606,0.6918376590071078,0.5826314036840352,SWEETHEART CERAMIC TRINKET BOX,STRAWBERRY CERAMIC TRINKET BOX,SWEETHEART CERAMIC TRINKET BOX  ==>  STRAWBERRY CERAMIC TRINKET BOX
frozenset({'RED HANGING HEART T-LIGHT HOLDER'}),frozenset({'WHITE HANGING HEART T-LIGHT HOLDER'}),0.0445,0.138,0.0314,0.7045,5.1039,1.0,0.0252,2.9174,0.8415504238906351,0.20753138075313807,0.6572286632397607,0.4659299225064578,RED HANGING HEART T-LIGHT HOLDER,WHITE HANGING HEART T-LIGHT HOLDER,RED HANGING HEART T-LIGHT HOLDER  ==>  WHITE HANGING HEART T-LIGHT HOLDER
frozenset({'JUMBO BAG PINK POLKADOT'}),frozenset({'JUMBO BAG RED RETROSPOT'}),0.0365,0.0827,0.0244,0.6694,8.0924,1.0,0.0214,2.7749,0.9096444909341306,0.25787506673785365,0.6396272318530097,0.48247094071505203,JUMBO BAG PINK POLKADOT,JUMBO BAG RED RETROSPOT,JUMBO BAG PINK POLKADOT  ==>  JUMBO BAG RED RETROSPOT
frozenset({'ALARM CLOCK BAKELIKE GREEN'}),frozenset({'ALARM CLOCK BAKELIKE RED'}),0.0322,0.0345,0.0212,0.6567,19.04,1.0,0.02,2.8126,0.9790169105551911,0.4644444444444444,0.6444530766516529,0.6350346579647617,ALARM CLOCK BAKELIKE GREEN,ALARM CLOCK BAKELIKE RED,ALARM CLOCK BAKELIKE GREEN  ==>  ALARM CLOCK BAKELIKE RED
frozenset({'GREEN REGENCY TEACUP AND SAUCER'}),frozenset({'PINK REGENCY TEACUP AND SAUCER'}),0.0339,0.0259,0.0216,0.6373,24.5944,1.0,0.0207,2.6858,0.9930129467826398,0.5655629139072847,0.6276651579604898,0.7356489039179104,GREEN REGENCY TEACUP AND SAUCER,PINK REGENCY TEACUP AND SAUCER,GREEN REGENCY TEACUP AND SAUCER  ==>  PINK REGENCY TEACUP AND SAUCER
frozenset({'DOLLY GIRL LUNCH BOX'}),frozenset({'SPACEBOY LUNCH BOX'}),0.0337,0.0346,0.021,0.6219,17.9648,1.0,0.0198,2.5533,0.9773022419282974,0.4428418803418805,0.6083472360920973,0.613949814207938,DOLLY GIRL LUNCH BOX,SPACEBOY LUNCH BOX,DOLLY GIRL LUNCH BOX  ==>  SPACEBOY LUNCH BOX
frozenset({'ALARM CLOCK BAKELIKE RED'}),frozenset({'ALARM CLOCK BAKELIKE GREEN'}),0.0345,0.0322,0.0212,0.6134,19.04,1.0,0.02,2.503,0.9813262758104714,0.4644444444444444,0.6004828592987085,0.6350346579647617,ALARM CLOCK BAKELIKE RED,ALARM CLOCK BAKELIKE GREEN,ALARM CLOCK BAKELIKE RED  ==>  ALARM CLOCK BAKELIKE GREEN
frozenset({'SPACEBOY LUNCH BOX'}),frozenset({'DOLLY GIRL LUNCH BOX'}),0.0346,0.0337,0.021,0.606,17.9648,1.0,0.0198,2.4524,0.9781988729924797,0.4428418803418805,0.5922394433907592,0.613949814207938,SPACEBOY LUNCH BOX,DOLLY GIRL LUNCH BOX,SPACEBOY LUNCH BOX  ==>  DOLLY GIRL LUNCH BOX
frozenset({'PAPER CHAIN KIT VINTAGE CHRISTMAS'}),"frozenset({""PAPER CHAIN KIT 50'S CHRISTMAS""})",0.0361,0.0511,0.0212,0.5879,11.5133,1.0,0.0194,2.3029,0.9473540648191926,0.3219493476592479,0.5657721907389148,0.5018524589139232,PAPER CHAIN KIT VINTAGE CHRISTMAS,PAPER CHAIN KIT 50'S CHRISTMAS,PAPER CHAIN KIT VINTAGE CHRISTMAS  ==>  PAPER CHAIN KIT 50'S CHRISTMAS
frozenset({'ROSES REGENCY TEACUP AND SAUCER'}),frozenset({'PINK REGENCY TEACUP AND SAUCER'}),0.0357,0.0259,0.0203,0.5702,22.005,1.0,0.0194,2.2664,0.9898753274851761,0.4932515337423313,0.5587794630800516,0.6776845079787234,ROSES REGENCY TEACUP AND SAUCER,PINK REGENCY TEACUP AND SAUCER,ROSES REGENCY TEACUP AND SAUCER  ==>  PINK REGENCY TEACUP AND SAUCER
frozenset({'WOODEN PICTURE FRAME WHITE FINISH'}),frozenset({'WOODEN FRAME ANTIQUE WHITE'}),0.0508,0.0521,0.0282,0.5553,10.6582,1.0,0.0255,2.1317,0.9546352100571145,0.37749915282954927,0.5308914944525173,0.5481866687455845,WOODEN PICTURE FRAME WHITE FINISH,WOODEN FRAME ANTIQUE WHITE,WOODEN PICTURE FRAME WHITE FINISH  ==>  WOODEN FRAME ANTIQUE WHITE
frozenset({'WOODEN FRAME ANTIQUE WHITE'}),frozenset({'WOODEN PICTURE FRAME WHITE FINISH'}),0.0521,0.0508,0.0282,0.541,10.6582,1.0,0.0255,2.0682,0.9559859406389135,0.37749915282954927,0.516495203498604,0.5481866687455845,WOODEN FRAME ANTIQUE WHITE,WOODEN PICTURE FRAME WHITE FINISH,WOODEN FRAME ANTIQUE WHITE  ==>  WOODEN PICTURE FRAME WHITE FINISH
frozenset({'HEART OF WICKER LARGE'}),frozenset({'HEART OF WICKER SMALL'}),0.0494,0.0544,0.0253,0.5128,9.421,1.0,0.0226,1.9408,0.940301944827434,0.32269503546099293,0.48476179197271474,0.4890861617928375,HEART OF WICKER LARGE,HEART OF WICKER SMALL,HEART OF WICKER LARGE  ==>  HEART OF WICKER SMALL
frozenset({'LOVE BUILDING BLOCK WORD'}),frozenset({'HOME BUILDING BLOCK WORD'}),0.0429,0.0523,0.0219,0.5106,9.7667,1.0,0.0197,1.9365,0.9378621540033022,0.2990331491712707,0.4836159814862489,0.46489034046283945,LOVE BUILDING BLOCK WORD,HOME BUILDING BLOCK WORD,LOVE BUILDING BLOCK WORD  ==>  HOME BUILDING BLOCK WORD
frozenset({'JUMBO BAG STRAWBERRY'}),frozenset({'JUMBO BAG RED RETROSPOT'}),0.0469,0.0827,0.0234,0.4987,6.0279,1.0,0.0195,1.8296,0.8751879807160994,0.22029054536794476,0.453438605925874,0.39080672065197947,JUMBO BAG STRAWBERRY,JUMBO BAG RED RETROSPOT,JUMBO BAG STRAWBERRY  ==>  JUMBO BAG RED RETROSPOT
frozenset({'JUMBO BAG BAROQUE BLACK WHITE'}),frozenset({'JUMBO BAG RED RETROSPOT'}),0.0475,0.0827,0.0232,0.4878,5.8962,1.0,0.0192,1.7907,0.8718307140078506,0.21649728196643822,0.4415562922468316,0.38398047166544336,JUMBO BAG BAROQUE BLACK WHITE,JUMBO BAG RED RETROSPOT,JUMBO BAG BAROQUE BLACK WHITE  ==>  JUMBO BAG RED RETROSPOT
